Investigation.Type,proportion
Accident,0.9564175544780569
Incident,0.0435824455219431
