Aircraft.damage,proportion
Substantial,0.7485617597292724
Destroyed,0.2173172297100181
Minor,0.032732364782075966
Unknown,0.001388645778633526
