Amateur.Built,proportion
No,0.9045468368116955
Yes,0.09545316318830459
