Schedule,proportion
NSCH,0.355587347003656
UNK,0.32578286440947385
SCHD,0.31862978858687013
