Weather.Condition,proportion
VMC,0.9159448795573303
IMC,0.07080820408308353
UNK,0.010142540611633114
Unk,0.0031043757479531264
